Pregnancies,Glucose,BloodPressure,SkinThickness,Insulin,BMI,DiabetesPedigreeFunction,Age,Outcome
0.06,0.23,0.49,0.29,0.10,0.20,0.04,0.00,0
0.00,0.57,0.19,0.50,0.19,0.51,0.94,0.20,1
0.18,0.15,0.30,0.45,0.09,0.26,0.07,0.08,1
0.12,0.99,0.53,0.68,0.64,0.25,0.03,0.53,1
0.06,0.94,0.42,0.29,1.00,0.24,0.13,0.63,1
0.29,0.77,0.56,0.21,0.19,0.16,0.21,0.50,1
0.00,0.44,0.70,0.71,0.26,0.56,0.20,0.17,1
0.06,0.33,0.07,0.55,0.08,0.51,0.04,0.20,0
0.06,0.42,0.53,0.41,0.10,0.34,0.19,0.18,1
0.18,0.49,0.74,0.61,0.27,0.43,0.27,0.10,0
0.65,0.61,0.81,0.46,0.16,0.38,0.07,0.50,1
0.59,0.49,0.53,0.34,0.12,0.26,0.05,0.33,1
0.06,0.29,0.49,0.14,0.15,0.10,0.17,0.02,0
0.76,0.63,0.67,0.21,0.12,0.08,0.07,0.60,0
0.18,0.72,0.60,0.52,0.28,0.27,0.33,0.12,1
0.18,0.23,0.40,0.07,0.05,0.13,0.08,0.02,0
0.24,0.33,0.42,0.46,0.21,0.12,0.38,0.20,0
0.24,0.39,0.56,0.71,0.23,0.39,0.56,0.58,1
0.18,0.87,0.47,0.32,0.07,0.32,0.08,0.08,0
0.53,0.81,1.00,0.30,0.27,0.56,0.27,0.55,1
0.06,0.33,0.65,0.07,0.08,0.02,0.17,0.02,0
0.06,0.32,0.30,0.14,0.03,0.12,0.19,0.08,0
0.29,0.23,0.49,0.25,0.01,0.13,0.11,0.15,0
0.47,0.85,0.77,0.48,0.34,0.32,0.16,0.62,1
0.41,0.66,0.49,0.63,0.39,0.34,0.27,0.35,0
0.41,0.92,0.51,0.57,0.35,0.40,0.07,0.33,1
0.00,0.31,0.74,0.95,0.12,0.58,0.38,0.17,0
0.00,0.35,0.47,0.61,0.15,0.48,0.04,0.02,0
0.12,0.60,0.40,0.48,0.14,0.15,0.26,0.05,0
0.06,0.27,0.49,0.11,0.03,0.03,0.11,0.07,0
0.24,0.63,0.71,0.36,0.10,0.22,0.04,0.10,0
0.12,0.31,0.49,0.23,0.09,0.30,0.33,0.12,1
0.29,0.58,0.47,0.50,0.15,0.21,0.14,0.08,0
0.24,0.51,0.72,0.23,0.31,0.35,0.06,0.03,0
0.41,0.19,0.63,0.34,0.07,0.23,0.29,0.25,0
0.12,0.38,0.58,0.39,0.13,0.29,0.26,0.10,0
0.12,0.31,0.51,0.32,0.07,0.42,0.10,0.08,0
0.88,0.56,0.53,0.45,0.12,0.39,0.03,0.37,1
0.24,0.47,0.65,0.14,0.19,0.28,0.15,0.22,0
0.41,0.18,0.63,0.59,0.04,0.58,0.08,0.35,0
0.12,0.61,0.67,0.20,0.06,0.13,0.29,0.00,0
0.35,0.62,0.56,0.36,0.26,0.32,0.07,0.32,0
0.06,0.11,0.28,0.20,0.07,0.04,0.10,0.02,0
0.35,0.26,0.30,0.41,0.06,0.21,0.12,0.03,0
0.06,0.46,0.77,0.79,0.25,0.64,0.10,0.17,1
0.06,0.18,0.56,0.20,0.03,0.17,0.08,0.05,0
0.06,0.49,0.37,0.39,0.17,0.21,0.31,0.00,0
0.24,0.62,0.40,0.38,0.15,0.23,0.09,0.27,0
0.18,0.19,0.40,0.43,0.00,0.33,0.11,0.07,0
0.00,0.27,0.71,0.32,0.03,0.39,0.07,0.05,1
0.18,0.81,0.56,0.46,0.15,0.31,0.05,0.05,1
0.47,0.70,0.44,0.34,0.58,0.32,0.20,0.42,1
0.06,0.23,0.60,0.48,0.03,0.27,0.05,0.03,0
0.41,0.73,0.35,0.45,0.19,0.25,0.22,0.30,1
0.24,0.30,0.60,0.14,0.04,0.10,0.06,0.00,0
0.00,0.75,0.60,0.88,0.10,0.72,0.29,0.07,1
0.12,0.36,0.58,0.41,0.10,0.31,0.14,0.03,0
0.06,0.23,0.07,0.63,0.10,0.75,0.18,0.08,1
0.18,0.45,0.53,0.41,0.15,0.51,0.16,0.15,0
0.06,0.44,0.40,0.52,0.10,0.31,0.08,0.03,0
0.06,0.43,0.74,0.30,0.16,0.33,0.14,0.32,1
0.24,0.82,0.53,0.13,0.19,0.24,0.12,0.20,1
0.18,0.80,0.47,0.54,0.25,0.33,0.12,0.15,1
0.12,0.28,0.51,0.11,0.04,0.06,0.24,0.08,0
0.12,0.49,0.42,0.23,0.15,0.32,0.00,0.17,0
0.00,0.31,0.53,0.34,0.04,0.26,0.22,0.00,0
0.00,0.26,0.42,0.32,0.09,0.21,0.19,0.02,0
0.29,0.35,0.56,0.39,0.37,0.38,0.03,0.12,0
0.12,0.37,0.33,0.34,0.06,0.29,0.10,0.02,0
0.24,0.69,0.44,0.43,0.32,0.30,0.07,0.03,0
0.12,0.35,0.47,0.50,0.13,0.25,0.56,0.22,0
0.06,0.56,0.58,0.77,0.23,0.39,0.13,0.05,0
0.53,0.70,0.72,0.38,0.17,0.33,0.47,0.35,1
0.06,0.68,0.67,0.63,0.57,0.46,0.26,0.03,0
0.12,0.30,0.33,0.14,0.10,0.13,0.24,0.00,0
0.06,0.37,0.37,0.25,0.15,0.14,0.32,0.03,0
0.12,0.23,0.58,0.21,0.05,0.22,0.06,0.02,0
1.00,0.75,0.56,0.61,0.12,0.46,0.31,0.43,1
0.41,0.32,0.58,0.59,0.11,0.39,0.05,0.40,0
0.00,0.41,0.65,0.48,0.33,0.53,0.04,0.10,0
0.35,0.34,0.58,0.20,0.17,0.24,0.27,0.33,1
0.18,0.39,0.77,0.09,0.08,0.21,0.18,0.13,0
0.35,0.55,0.53,0.29,0.14,0.35,0.20,0.13,1
0.06,0.16,0.42,0.63,0.04,0.52,0.25,0.03,0
0.12,0.13,0.47,0.30,0.05,0.24,0.12,0.20,0
0.47,0.87,0.56,0.63,0.14,0.30,0.27,0.25,1
0.00,0.51,1.00,0.70,0.14,1.00,0.10,0.08,1
0.00,0.44,0.47,0.20,0.09,0.34,0.27,0.03,0
0.47,0.88,0.51,0.52,0.58,0.24,0.23,0.65,1
0.06,0.51,0.86,0.61,0.05,0.28,0.53,0.20,1
0.47,0.37,0.60,0.57,0.12,0.20,0.24,0.17,1
0.29,0.58,0.65,0.50,0.18,0.27,0.12,0.07,1
0.53,0.47,0.53,0.66,0.10,0.30,0.12,0.32,0
0.29,0.72,0.70,0.61,0.24,0.43,0.13,0.13,1
0.18,0.36,0.44,0.11,0.04,0.10,0.25,0.03,1
0.24,0.37,0.47,0.66,0.10,0.34,0.35,0.08,1
0.24,0.65,0.42,0.36,0.37,0.26,0.03,0.13,1
0.12,0.30,0.53,0.16,0.04,0.04,0.06,0.10,0
0.35,0.33,0.56,0.45,0.21,0.40,0.10,0.57,0
0.47,0.99,0.60,0.39,0.32,0.39,0.22,0.60,1
0.06,0.28,0.47,0.36,0.09,0.31,0.09,0.00,0
0.00,0.59,0.48,0.34,0.14,0.50,0.15,0.05,1
0.53,0.39,0.67,0.45,0.19,0.33,0.07,0.25,1
0.71,0.67,0.53,0.59,0.31,0.48,0.28,0.28,1
0.29,0.37,0.44,0.61,0.14,0.36,0.18,0.07,1
0.35,0.49,0.51,0.41,0.13,0.24,0.16,0.18,0
0.00,0.85,0.42,0.39,0.56,0.34,0.42,0.00,1
0.41,0.61,0.42,0.46,0.21,0.22,0.26,0.67,0
0.06,0.31,0.49,0.14,0.05,0.11,0.25,0.08,0
0.06,0.22,0.63,0.36,0.02,0.34,0.01,0.02,0
0.24,0.99,0.53,0.57,0.88,0.38,0.96,0.17,0
0.00,0.43,0.65,0.43,0.05,0.55,0.00,0.05,0
0.35,0.55,0.65,0.54,0.43,0.57,0.07,0.42,1
0.06,0.16,0.65,0.32,0.03,0.15,0.21,0.02,0
0.18,0.13,0.51,0.38,0.04,0.24,0.09,0.03,0
0.41,0.88,0.70,0.25,0.21,0.36,0.21,0.50,1
0.24,0.25,0.53,0.45,0.09,0.30,0.15,0.02,0
0.35,0.44,0.30,0.27,0.19,0.18,0.53,0.20,1
0.12,0.63,0.60,0.50,0.22,0.41,0.10,0.13,0
0.00,0.77,0.77,0.46,0.80,0.70,0.15,0.03,0
0.53,0.48,0.53,0.46,0.47,0.35,0.08,0.22,0
0.12,0.24,0.65,0.13,0.05,0.13,0.07,0.05,0
0.71,0.25,0.44,0.00,0.29,0.19,0.36,0.38,1
0.06,0.96,0.30,0.16,0.43,0.16,0.24,0.05,0
0.65,0.70,0.60,0.38,0.16,0.31,0.54,0.50,1
0.18,0.95,0.51,0.14,0.14,0.26,0.09,0.22,0
0.29,0.28,0.58,0.20,0.06,0.31,0.39,0.37,0
0.12,0.37,0.44,0.45,0.05,0.14,0.02,0.00,0
0.06,0.11,0.63,0.77,0.04,0.31,0.14,0.00,0
0.12,0.31,0.53,0.80,0.05,0.46,0.25,0.07,0
0.00,0.34,0.47,0.29,0.12,0.20,0.16,0.03,0
0.12,0.37,0.44,0.05,0.32,0.15,0.34,0.02,0
0.59,0.51,0.60,0.38,0.13,0.36,0.08,0.30,0
0.41,0.54,0.74,0.14,0.17,0.29,0.08,0.27,0
0.41,0.56,0.58,0.34,0.15,0.16,0.24,0.50,0
0.29,0.70,0.70,0.66,0.64,0.42,0.23,0.22,0
0.06,0.44,0.72,0.57,0.25,0.56,0.31,0.13,1
0.24,0.28,0.37,0.18,0.04,0.05,0.11,0.08,0
0.29,0.37,0.56,0.64,0.07,0.37,0.08,0.20,0
0.00,0.15,0.74,0.39,0.03,0.38,0.15,0.00,0
0.00,0.36,0.44,0.41,0.07,0.38,0.29,0.07,1
0.12,0.51,0.63,0.54,0.20,0.51,0.49,0.17,1
0.06,0.51,0.28,0.68,0.22,0.46,0.23,0.05,1
0.35,0.67,0.44,0.43,0.13,0.35,0.26,0.12,0
0.12,0.63,0.53,0.55,0.42,0.20,0.11,0.13,1
0.00,0.49,0.70,0.39,0.24,0.26,0.19,0.05,0
0.82,0.31,0.63,0.32,0.20,0.38,0.14,0.42,1
0.12,0.62,0.40,0.46,0.15,0.27,0.14,0.07,1
0.29,0.15,0.67,0.61,0.03,0.36,0.03,0.23,0
0.12,0.45,0.60,0.54,0.11,0.44,0.06,0.13,0
0.59,0.74,0.51,0.29,0.14,0.15,0.10,0.43,1
0.00,0.57,0.51,0.13,0.16,0.13,0.02,0.00,0
0.00,0.51,0.51,0.21,0.20,0.25,0.56,0.07,1
0.12,0.48,0.51,0.38,0.23,0.30,0.34,0.15,1
0.00,0.35,0.53,0.54,0.16,0.43,0.22,0.02,0
0.12,0.70,0.58,0.18,0.10,0.17,0.15,0.10,1
0.18,0.40,0.30,0.05,0.09,0.23,0.23,0.07,0
0.12,0.39,0.51,0.27,0.10,0.33,0.10,0.08,0
0.18,0.30,0.65,0.07,0.06,0.02,0.09,0.15,0
0.18,0.42,0.49,0.57,0.15,0.41,0.03,0.12,0
0.24,0.51,0.42,0.09,0.26,0.19,0.19,0.17,0
0.76,0.68,0.77,0.46,0.02,0.18,0.28,0.37,1
0.06,0.71,0.56,0.25,0.19,0.15,0.02,0.05,0
0.06,0.46,0.47,0.45,0.17,0.35,0.26,0.15,1
0.12,0.32,0.72,0.52,0.13,0.56,0.02,0.03,1
0.35,0.35,0.53,0.45,0.06,0.26,0.02,0.27,0
0.12,0.22,0.40,0.16,0.05,0.30,0.03,0.07,0
0.06,0.27,0.42,0.20,0.05,0.12,0.07,0.02,0
0.00,0.77,0.60,0.64,0.29,0.61,0.07,0.08,0
0.53,0.68,0.63,0.48,0.19,0.33,0.35,0.20,1
0.06,0.52,0.53,0.11,0.11,0.16,0.17,0.02,0
0.06,0.27,0.58,0.25,0.07,0.16,0.25,0.25,0
0.47,0.49,0.74,0.52,0.11,0.42,0.11,0.47,0
0.06,0.58,0.26,0.21,0.08,0.21,0.24,0.02,0
0.18,0.30,0.44,0.21,0.07,0.07,0.08,0.08,0
0.06,0.24,0.44,0.09,0.03,0.18,0.21,0.05,0
0.06,0.49,0.30,0.59,0.18,0.31,0.38,0.12,1
0.71,0.23,0.58,0.59,0.05,0.35,0.13,0.45,0
0.06,0.99,0.60,0.52,0.28,0.37,0.34,0.13,1
0.29,0.94,0.47,0.46,0.37,0.27,0.21,0.13,1
0.24,0.64,0.58,0.32,0.34,0.34,0.13,0.15,0
0.29,0.30,0.35,0.38,0.08,0.32,0.18,0.15,0
0.18,0.18,0.72,0.16,0.06,0.19,0.09,0.02,0
0.06,0.54,0.91,0.38,0.15,0.30,0.06,0.40,1
0.18,0.82,0.67,0.73,0.54,0.41,0.88,0.07,1
0.00,0.20,0.47,0.27,0.06,0.36,0.20,0.00,0
0.12,0.35,0.40,0.59,0.10,0.34,0.06,0.07,0
0.12,0.46,0.33,0.64,0.17,0.37,0.31,0.12,0
0.71,0.59,0.67,0.64,0.37,0.43,0.19,0.62,1
0.00,0.30,0.67,0.14,0.08,0.14,0.09,0.02,0
0.06,0.22,0.42,0.54,0.07,0.39,0.18,0.02,0
0.00,0.26,0.88,0.57,0.07,0.52,0.40,0.23,0
0.06,0.36,0.56,0.41,0.08,0.26,0.32,0.05,0
0.06,0.37,0.42,0.02,0.20,0.15,0.37,0.00,0
0.06,0.24,0.44,0.20,0.05,0.14,0.51,0.07,0
0.06,0.49,0.53,0.30,0.12,0.12,0.06,0.07,0
0.06,0.44,0.35,0.11,0.04,0.08,0.05,0.05,0
0.29,0.62,0.67,0.34,0.33,0.28,0.16,0.62,1
0.18,0.31,0.51,0.29,0.08,0.27,0.37,0.12,0
0.06,0.31,0.49,0.39,0.22,0.28,0.15,0.35,0
0.06,0.53,0.47,0.13,0.48,0.11,0.13,0.00,0
0.24,0.42,0.56,0.09,0.09,0.08,0.16,0.27,0
0.12,0.50,0.40,0.30,0.31,0.19,0.65,0.07,0
0.18,0.28,0.37,0.48,0.12,0.13,0.37,0.30,0
0.29,0.56,0.70,0.61,0.09,0.34,0.09,0.23,1
0.12,0.47,0.28,0.45,0.18,0.49,0.19,0.08,0
0.06,0.82,0.51,0.75,0.68,0.49,0.26,0.12,1
0.06,0.39,0.56,0.41,0.19,0.33,0.19,0.07,0
0.06,0.61,0.70,0.29,0.36,0.49,0.42,0.02,0
0.06,0.61,0.58,0.27,0.06,0.16,0.07,0.00,0
0.00,0.58,0.42,0.50,0.18,0.34,0.19,0.00,1
0.18,0.82,0.70,0.46,0.55,0.36,0.07,0.02,1
0.18,0.51,0.47,0.39,0.12,0.17,0.06,0.12,1
0.06,0.44,0.74,0.61,0.19,0.55,0.18,0.08,0
0.12,0.27,0.51,0.20,0.07,0.16,0.20,0.00,0
0.00,0.32,0.47,0.70,0.08,0.46,0.18,0.00,0
0.47,0.67,0.63,0.45,0.24,0.51,0.18,0.25,1
0.24,0.90,0.63,0.57,0.32,0.38,0.08,0.17,1
0.06,0.88,0.47,0.41,0.20,0.33,0.10,0.28,1
0.00,0.56,0.81,0.70,0.16,0.46,0.09,0.08,0
0.06,0.27,0.67,0.32,0.20,0.34,0.06,0.37,1
0.18,0.23,0.58,0.16,0.09,0.25,0.20,0.28,0
0.06,0.17,0.58,0.07,0.06,0.24,0.19,0.02,0
0.12,0.19,0.49,0.29,0.04,0.29,0.18,0.02,0
0.24,0.43,0.47,0.36,0.13,0.31,0.06,0.05,0
0.00,0.87,0.63,1.00,0.00,0.84,1.00,0.07,1
0.06,0.31,0.56,0.09,0.07,0.15,0.25,0.12,0
0.00,0.27,0.65,0.68,0.09,0.37,0.10,0.08,0
0.00,0.34,0.47,0.54,0.06,0.31,0.18,0.02,1
0.00,0.45,0.58,0.20,0.06,0.25,0.09,0.08,0
0.06,0.18,0.47,0.11,0.10,0.06,0.14,0.03,0
0.00,0.25,0.51,0.45,0.24,0.44,0.13,0.07,0
0.12,0.31,0.35,0.38,0.11,0.40,0.18,0.05,0
0.29,0.21,0.51,0.38,0.07,0.25,0.12,0.05,0
0.59,0.65,0.70,0.73,0.27,0.40,0.39,0.50,1
0.53,0.55,0.58,0.46,0.06,0.16,0.16,1.00,0
0.53,0.45,0.56,0.27,0.05,0.05,0.28,0.45,0
0.47,0.13,0.53,0.59,0.04,0.35,0.27,0.30,0
0.00,0.48,0.37,0.11,0.11,0.07,0.16,0.00,0
0.00,0.13,0.33,0.05,0.03,0.20,0.08,0.02,0
0.00,0.29,0.47,0.52,0.10,0.38,0.22,0.07,0
0.35,0.69,0.63,0.61,0.15,0.57,0.21,0.10,0
0.12,0.35,0.65,0.68,0.21,0.32,0.27,0.13,1
0.41,0.41,0.60,0.18,0.12,0.11,0.16,0.17,0
0.47,0.49,0.58,0.55,0.07,0.16,0.03,0.30,0
0.18,0.72,0.53,0.41,0.38,0.35,0.11,0.23,1
0.24,0.20,0.40,0.27,0.04,0.20,0.09,0.12,0
0.00,0.20,0.67,0.43,0.13,0.41,0.06,0.03,0
0.00,0.56,0.51,0.63,0.28,0.49,0.12,0.05,1
0.06,0.58,0.44,0.61,0.56,0.46,0.19,0.00,0
0.00,0.82,0.63,0.45,0.30,0.58,0.46,0.62,0
0.12,0.19,0.48,0.38,0.06,0.38,0.23,0.05,0
0.24,0.49,0.53,0.20,0.13,0.22,0.45,0.40,1
0.12,0.18,0.56,0.14,0.07,0.24,0.20,0.07,0
0.41,0.98,0.53,0.46,0.16,0.14,0.03,0.57,1
0.35,0.69,0.58,0.45,0.22,0.23,0.32,0.30,0
0.12,0.43,0.77,0.21,0.07,0.14,0.10,0.00,0
0.41,0.27,0.47,0.32,0.08,0.31,0.28,0.33,0
0.00,0.87,0.77,0.34,0.09,0.37,0.10,0.23,1
0.06,0.52,0.42,0.29,0.19,0.21,0.26,0.00,0
0.12,0.20,0.30,0.29,0.07,0.25,0.38,0.00,0
0.00,0.58,0.44,0.18,0.24,0.08,0.05,0.00,0
0.18,0.30,0.35,0.21,0.09,0.15,0.03,0.05,0
0.18,0.75,0.53,0.20,0.11,0.27,0.08,0.12,1
0.53,0.63,0.74,0.48,0.18,0.25,0.29,0.53,1
0.35,0.51,0.77,0.00,0.38,0.03,0.21,0.65,0
0.12,0.08,0.53,0.45,0.06,0.14,0.04,0.07,0
0.18,0.48,0.65,0.46,0.14,0.31,0.09,0.08,0
0.06,0.29,0.47,0.21,0.08,0.00,0.09,0.00,0
0.18,0.42,0.58,0.14,0.11,0.17,0.01,0.05,0
0.00,0.43,0.49,0.43,0.21,0.26,0.17,0.02,0
0.12,0.46,0.42,0.20,0.11,0.24,0.27,0.02,0
0.06,0.21,0.49,0.80,0.06,0.47,0.36,0.13,0
0.06,0.15,0.37,0.41,0.05,0.31,0.50,0.05,0
0.00,0.50,0.65,0.54,0.24,0.37,0.31,0.03,0
0.18,0.51,0.79,0.75,0.17,0.37,0.38,0.18,1
0.47,0.31,0.58,0.59,0.24,0.43,0.25,0.37,1
0.18,0.51,0.56,0.32,0.21,0.29,0.20,0.10,1
0.24,0.20,0.77,0.29,0.05,0.44,0.03,0.07,0
0.06,0.23,0.63,0.39,0.07,0.28,0.12,0.13,0
0.47,0.92,0.77,0.50,0.25,0.33,0.14,0.27,1
0.29,0.92,0.60,0.36,0.23,0.52,0.41,0.53,1
0.24,0.53,0.51,0.25,0.18,0.30,0.03,0.12,0
0.06,0.76,0.67,0.64,0.06,0.30,0.11,0.48,0
0.18,0.20,0.51,0.41,0.11,0.28,0.22,0.07,0
0.06,0.23,0.44,0.30,0.04,0.24,0.14,0.03,0
0.06,0.20,0.47,0.29,0.12,0.38,0.17,0.12,0
0.41,0.48,0.53,0.46,0.24,0.15,0.03,0.27,0
0.00,1.00,0.49,0.45,0.31,0.47,0.18,0.12,1
0.06,0.22,0.51,0.48,0.08,0.40,0.14,0.05,0
0.35,0.30,0.42,0.21,0.05,0.18,0.18,0.18,0
0.12,0.27,0.35,0.13,0.09,0.16,0.28,0.02,0
0.06,0.30,0.56,0.41,0.00,0.42,0.14,0.00,0
0.35,0.25,0.44,0.45,0.13,0.28,0.00,0.42,0
0.24,0.69,0.56,0.39,0.13,0.27,0.11,0.27,0
0.00,0.46,0.49,0.41,0.18,0.33,0.05,0.20,1
0.18,0.39,0.40,0.43,0.04,0.23,0.15,0.02,0
0.12,0.30,0.42,0.18,0.13,0.34,0.05,0.02,0
0.06,0.61,0.72,0.41,0.38,0.24,0.35,0.03,0
0.06,0.44,0.23,0.71,0.06,0.35,0.08,0.07,0
0.35,0.37,0.23,0.23,0.14,0.12,0.31,0.23,0
0.47,0.48,0.60,0.30,0.70,0.21,0.26,0.52,1
0.18,0.85,0.72,0.36,0.17,0.31,0.46,0.52,1
0.12,0.39,0.63,0.77,0.15,0.43,0.04,0.05,0
0.12,0.18,0.33,0.27,0.12,0.21,0.69,0.07,0
0.35,0.47,0.56,0.68,0.26,0.31,0.28,0.22,0
0.00,0.93,0.67,0.13,0.21,0.28,0.26,0.02,1
0.06,0.23,0.00,0.21,0.01,0.20,0.20,0.00,0
0.06,0.37,0.16,0.20,0.13,0.10,0.14,0.08,0
0.41,0.66,0.63,0.39,0.13,0.35,0.26,0.55,1
0.06,0.88,0.63,0.63,0.34,0.45,0.50,0.02,1
0.06,0.25,0.44,0.32,0.03,0.03,0.17,0.07,0
0.00,0.68,0.67,0.57,0.31,0.48,0.08,0.10,0
0.06,0.39,0.44,0.11,0.20,0.12,0.02,0.03,0
0.18,0.35,0.35,0.25,0.17,0.26,0.09,0.05,0
0.18,0.83,0.40,0.27,0.22,0.30,0.22,0.25,1
0.41,0.79,0.74,0.63,0.37,0.41,0.30,0.32,1
0.65,0.58,0.58,0.34,0.16,0.37,0.20,0.48,1
0.12,0.08,0.44,0.11,0.00,0.04,0.07,0.03,0
0.12,0.39,0.72,0.63,0.18,0.41,0.07,0.12,0
0.00,0.27,0.53,0.36,0.12,0.52,0.11,0.00,0
0.24,0.24,0.74,0.71,0.05,0.40,0.12,0.13,0
0.00,0.32,0.63,0.59,0.09,0.33,0.07,0.05,0
0.06,0.51,0.67,0.18,0.20,0.19,0.01,0.02,0
0.12,0.27,0.60,0.20,0.06,0.27,0.24,0.03,0
0.41,0.29,0.60,0.45,0.09,0.46,0.34,0.18,1
0.06,0.31,0.58,0.09,0.04,0.03,0.03,0.12,0
0.00,0.32,0.72,0.18,0.11,0.23,0.26,0.10,0
0.18,0.33,0.56,0.41,0.17,0.19,0.28,0.10,0
0.12,0.71,0.58,0.50,0.51,0.43,0.02,0.15,0
0.06,0.78,0.58,0.18,0.16,0.11,0.16,0.20,1
0.00,0.87,0.30,0.52,0.17,0.40,0.16,0.02,1
0.65,0.56,0.70,0.50,0.14,0.21,0.07,0.35,1
0.06,0.25,0.35,0.32,0.10,0.14,0.06,0.03,0
0.06,0.43,0.42,0.29,0.11,0.32,0.16,0.10,0
0.29,0.47,0.58,0.59,0.08,0.33,0.08,0.12,0
0.06,0.35,0.53,0.38,0.15,0.33,0.02,0.02,0
0.12,0.70,0.33,0.36,0.63,0.42,0.07,0.07,1
0.12,0.32,0.40,0.50,0.09,0.07,0.03,0.02,0
0.06,0.45,0.65,0.73,0.22,0.42,0.46,0.33,0
0.18,0.17,0.67,0.43,0.07,0.33,0.52,0.10,1
0.47,0.78,0.95,0.70,0.26,0.40,0.03,0.37,1
0.53,0.63,0.65,0.70,0.14,0.40,0.24,0.32,1
0.06,0.39,0.65,0.68,0.14,0.34,0.06,0.05,0
0.35,0.30,0.40,0.46,0.21,0.32,0.15,0.37,0
0.53,0.69,0.63,0.41,0.10,0.26,0.03,0.40,0
0.35,0.77,0.51,0.34,0.19,0.31,0.23,0.47,0
0.59,0.08,0.95,0.29,0.04,0.35,0.09,0.43,0
0.18,0.47,0.88,0.50,0.27,0.80,0.34,0.02,0
0.12,0.32,0.40,0.18,0.30,0.12,0.23,0.03,0
0.12,0.00,0.37,0.38,0.04,0.12,0.11,0.02,0
0.00,0.27,0.47,0.57,0.11,0.54,0.12,0.02,0
0.12,0.51,0.58,0.34,0.23,0.31,0.22,0.07,0
0.06,0.59,0.58,0.34,0.20,0.12,0.32,0.03,0
0.06,0.62,0.67,0.70,0.20,0.57,0.11,0.42,1
0.12,0.46,0.53,0.45,0.10,0.43,0.34,0.03,0
0.41,0.51,0.51,0.75,0.13,0.42,0.15,0.37,1
0.41,0.61,0.77,0.30,0.56,0.25,0.02,0.37,1
0.18,0.80,0.58,0.21,0.13,0.24,0.08,0.17,1
0.24,0.50,0.74,0.07,0.17,0.33,0.22,0.12,0
0.12,0.46,0.60,0.36,0.22,0.36,0.17,0.08,0
0.24,0.38,0.60,0.23,0.10,0.21,0.01,0.10,0
0.12,0.50,0.26,0.25,0.39,0.33,0.04,0.02,0
0.12,0.26,0.47,0.45,0.18,0.40,0.25,0.03,1
0.18,0.72,0.47,0.11,0.45,0.27,0.09,0.05,0
0.29,0.49,0.63,0.36,0.01,0.23,0.15,0.32,0
0.00,0.55,0.40,0.23,0.33,0.17,0.11,0.00,0
0.41,0.92,0.30,0.46,0.45,0.32,0.32,0.22,1
0.18,0.82,0.63,0.57,0.21,0.32,0.38,0.17,1
0.06,0.37,0.42,0.70,0.20,0.35,0.14,0.05,0
0.06,0.41,0.49,0.52,0.22,0.41,0.09,0.00,0
0.06,0.65,0.51,0.39,0.14,0.23,0.11,0.35,1
0.29,0.43,0.72,0.41,0.11,0.43,0.07,0.35,0
0.06,0.42,0.63,0.39,0.20,0.37,0.18,0.07,0
0.18,0.52,0.63,0.29,0.08,0.21,0.10,0.22,1
0.12,0.83,0.74,0.54,0.13,0.54,0.24,0.05,1
0.12,0.35,0.37,0.36,0.18,0.22,0.15,0.02,0
0.00,0.49,0.72,0.36,0.13,0.19,0.18,0.00,0
0.12,0.30,0.42,0.18,0.18,0.38,0.16,0.00,0
0.65,0.45,0.65,0.54,0.16,0.49,0.30,0.45,1
0.18,0.32,0.23,0.23,0.10,0.26,0.13,0.08,0
0.06,0.37,0.40,0.20,0.12,0.21,0.06,0.02,0
0.76,0.68,0.74,0.54,0.15,0.46,0.47,0.30,0
0.71,0.31,0.70,0.46,0.11,0.24,0.17,0.42,0
0.06,0.18,0.58,0.61,0.05,0.57,0.43,0.18,0
0.18,0.92,0.53,0.27,0.22,0.37,0.14,0.25,1
0.06,0.46,0.63,0.57,0.07,0.43,0.08,0.12,0
0.00,0.88,0.74,0.66,0.60,0.51,0.06,0.08,1
0.06,0.51,0.74,0.57,0.12,0.37,0.42,0.27,1
0.12,0.23,0.40,0.34,0.00,0.21,0.29,0.02,0
0.59,0.32,0.60,0.73,0.20,0.30,0.04,0.70,0
0.29,0.46,0.56,0.29,0.12,0.16,0.07,0.15,0
0.29,0.77,0.36,0.36,0.20,0.27,0.22,0.27,1
0.12,0.68,0.58,0.54,0.28,0.33,0.28,0.10,1
0.06,0.50,0.28,0.64,0.21,0.42,0.26,0.05,1
0.06,0.75,0.59,0.84,0.10,0.70,0.29,0.08,1
0.06,0.34,0.50,0.27,0.09,0.31,0.29,0.13,1
0.24,0.78,0.55,0.20,0.19,0.17,0.20,0.45,1
0.35,0.87,0.69,0.27,0.21,0.36,0.23,0.47,1
0.06,0.87,0.48,0.34,0.20,0.31,0.11,0.27,1
0.47,0.47,0.70,0.61,0.16,0.45,0.33,0.35,1
0.12,0.35,0.65,0.64,0.21,0.32,0.24,0.13,1
0.00,0.56,0.40,0.50,0.18,0.33,0.23,0.02,1
0.12,0.77,0.57,0.21,0.11,0.29,0.08,0.13,1
0.00,0.33,0.49,0.50,0.06,0.32,0.17,0.02,1
0.24,0.63,0.56,0.50,0.69,0.34,0.26,0.32,1
0.06,0.84,0.67,0.59,0.59,0.48,0.09,0.13,1
0.59,0.70,0.62,0.38,0.16,0.31,0.54,0.48,1
0.06,0.75,0.64,0.21,0.10,0.24,0.13,0.13,1
0.24,0.93,0.48,0.46,0.37,0.29,0.25,0.12,1
0.00,0.99,0.51,0.45,0.31,0.45,0.21,0.12,1
0.00,0.87,0.69,0.71,0.04,0.64,0.61,0.13,1
0.47,0.49,0.51,0.34,0.12,0.25,0.05,0.28,1
0.41,0.37,0.58,0.57,0.12,0.22,0.25,0.15,1
0.12,0.63,0.53,0.54,0.41,0.20,0.11,0.13,1
0.47,0.78,0.47,0.41,0.58,0.28,0.21,0.52,1
0.29,0.75,0.52,0.23,0.12,0.22,0.09,0.23,1
0.59,0.58,0.74,0.43,0.02,0.22,0.23,0.28,1
0.24,0.78,0.55,0.23,0.19,0.18,0.20,0.47,1
0.65,0.66,0.67,0.39,0.16,0.33,0.38,0.50,1
0.06,0.81,0.50,0.71,0.68,0.49,0.25,0.10,1
0.35,0.36,0.56,0.52,0.24,0.39,0.28,0.28,1
0.29,0.76,0.79,0.41,0.27,0.41,0.30,0.32,1
0.12,0.92,0.57,0.21,0.22,0.35,0.17,0.17,1
0.06,0.51,0.53,0.27,0.21,0.28,0.33,0.08,1
0.12,0.31,0.48,0.21,0.09,0.29,0.33,0.10,1
0.00,0.87,0.72,0.64,0.60,0.51,0.06,0.07,1
0.12,0.21,0.62,0.45,0.06,0.32,0.43,0.07,1
0.18,0.45,0.37,0.34,0.18,0.26,0.39,0.17,1
0.29,0.60,0.64,0.41,0.67,0.30,0.20,0.38,1
0.53,0.70,0.69,0.38,0.17,0.32,0.49,0.38,1
0.41,0.90,0.76,0.50,0.25,0.34,0.14,0.25,1
0.35,0.49,0.62,0.43,0.12,0.31,0.19,0.30,1
0.24,0.80,0.53,0.16,0.19,0.20,0.17,0.33,1
0.06,0.51,0.85,0.61,0.05,0.29,0.51,0.20,1
0.06,0.51,0.35,0.57,0.21,0.41,0.22,0.05,1
0.18,0.49,0.52,0.21,0.13,0.21,0.42,0.37,1
0.12,0.27,0.49,0.38,0.17,0.37,0.26,0.10,1
0.00,0.46,0.47,0.43,0.17,0.34,0.23,0.15,1
0.12,0.85,0.43,0.52,0.63,0.33,0.05,0.30,1
0.00,0.45,0.48,0.39,0.18,0.33,0.06,0.20,1
0.18,0.56,0.88,0.39,0.15,0.32,0.07,0.42,1
0.35,0.82,0.44,0.46,0.59,0.30,0.17,0.45,1
0.12,0.78,0.60,0.52,0.28,0.30,0.33,0.12,1
0.18,0.80,0.56,0.39,0.14,0.29,0.06,0.07,1
0.12,0.52,0.72,0.57,0.11,0.37,0.33,0.25,1
0.35,0.82,0.69,0.43,0.10,0.41,0.18,0.30,1
0.06,0.30,0.66,0.45,0.20,0.33,0.14,0.27,1
0.29,0.93,0.59,0.41,0.16,0.20,0.19,0.53,1
0.29,0.45,0.53,0.36,0.11,0.30,0.12,0.25,1
0.00,0.58,0.48,0.32,0.14,0.49,0.15,0.05,1
0.00,0.44,0.70,0.71,0.26,0.58,0.18,0.17,1
0.18,0.70,0.36,0.34,0.61,0.39,0.11,0.17,1
0.18,0.51,0.48,0.34,0.12,0.18,0.13,0.17,1
0.00,0.57,0.19,0.50,0.18,0.50,0.91,0.18,1
0.06,0.56,0.47,0.36,0.13,0.36,0.11,0.07,1
0.29,0.25,0.62,0.43,0.08,0.42,0.39,0.15,1
0.00,0.75,0.60,0.86,0.10,0.71,0.29,0.05,1
0.12,0.49,0.52,0.34,0.22,0.30,0.27,0.12,1
0.06,0.87,0.50,0.45,0.20,0.32,0.17,0.25,1
0.53,0.60,0.66,0.63,0.14,0.33,0.18,0.32,1
0.35,0.87,0.49,0.48,0.57,0.26,0.26,0.53,1
0.47,0.89,0.71,0.45,0.34,0.34,0.18,0.60,1
0.06,0.51,0.58,0.41,0.20,0.41,0.52,0.12,1
0.06,0.49,0.29,0.59,0.19,0.32,0.37,0.10,1
0.12,0.74,0.53,0.18,0.11,0.26,0.09,0.10,1
0.53,0.62,0.77,0.46,0.17,0.29,0.22,0.52,1
0.65,0.68,0.59,0.36,0.16,0.32,0.50,0.48,1
0.12,0.51,0.55,0.30,0.21,0.29,0.23,0.08,1
0.41,0.92,0.74,0.50,0.26,0.34,0.17,0.25,1
0.18,0.41,0.53,0.63,0.23,0.36,0.50,0.47,1
0.35,0.70,0.57,0.54,0.29,0.34,0.31,0.17,1
0.00,0.29,0.65,0.27,0.03,0.34,0.10,0.03,1
0.00,0.57,0.28,0.50,0.18,0.43,0.61,0.10,1
0.00,0.93,0.56,0.54,0.32,0.46,0.35,0.05,1
0.47,0.49,0.53,0.30,0.12,0.25,0.15,0.33,1
0.00,0.49,0.97,0.68,0.14,0.96,0.09,0.07,1
0.41,0.73,0.44,0.36,0.58,0.32,0.18,0.42,1
0.24,0.89,0.64,0.55,0.32,0.38,0.09,0.20,1
0.12,0.89,0.63,0.59,0.32,0.41,0.23,0.10,1
0.18,0.92,0.51,0.52,0.36,0.33,0.31,0.08,1
0.24,0.84,0.57,0.52,0.25,0.33,0.13,0.18,1
0.65,0.54,0.58,0.46,0.12,0.38,0.14,0.33,1
0.06,0.43,0.70,0.57,0.25,0.55,0.30,0.15,1
0.47,0.96,0.62,0.39,0.32,0.39,0.22,0.60,1
0.88,0.60,0.53,0.46,0.12,0.40,0.09,0.37,1
0.00,0.53,0.44,0.46,0.18,0.33,0.14,0.07,1
0.35,0.62,0.76,0.34,0.56,0.26,0.09,0.33,1
0.41,0.69,0.59,0.45,0.24,0.48,0.17,0.23,1
0.06,0.31,0.48,0.25,0.09,0.30,0.32,0.10,1
0.12,0.55,0.43,0.41,0.13,0.21,0.09,0.08,1
0.00,0.58,0.42,0.50,0.18,0.33,0.19,0.00,1
0.24,0.92,0.58,0.36,0.23,0.50,0.38,0.50,1
0.18,0.60,0.57,0.54,0.42,0.33,0.09,0.22,1
0.53,0.49,0.53,0.32,0.12,0.26,0.05,0.33,1
0.06,0.42,0.67,0.68,0.26,0.54,0.21,0.18,1
0.29,0.77,0.72,0.36,0.17,0.32,0.46,0.43,1
0.29,0.92,0.62,0.50,0.32,0.39,0.12,0.30,1
0.24,0.33,0.57,0.43,0.09,0.42,0.29,0.18,1
0.24,0.70,0.62,0.55,0.28,0.30,0.34,0.20,1
0.18,0.84,0.55,0.55,0.66,0.24,0.10,0.52,1
0.12,0.30,0.67,0.34,0.20,0.34,0.07,0.33,1
0.41,0.76,0.86,0.66,0.25,0.41,0.07,0.28,1
0.24,0.79,0.63,0.43,0.56,0.35,0.11,0.12,1
0.35,0.75,0.53,0.23,0.15,0.13,0.12,0.35,1
0.18,0.82,0.43,0.30,0.21,0.30,0.24,0.23,1
0.59,0.61,0.78,0.46,0.17,0.33,0.15,0.50,1
0.00,0.86,0.56,0.50,0.57,0.41,0.27,0.03,1
0.00,0.58,0.20,0.48,0.19,0.49,0.88,0.20,1
0.53,0.65,0.58,0.48,0.31,0.41,0.24,0.40,1
0.35,0.61,0.58,0.39,0.69,0.22,0.20,0.52,1
0.24,0.90,0.59,0.57,0.32,0.39,0.08,0.20,1
0.12,0.48,0.51,0.38,0.23,0.31,0.33,0.15,1
0.00,0.60,0.44,0.38,0.14,0.41,0.15,0.05,1
0.41,0.73,0.44,0.38,0.58,0.32,0.18,0.42,1
0.12,0.84,0.44,0.27,0.18,0.30,0.13,0.12,1
0.53,0.68,0.72,0.39,0.17,0.31,0.44,0.38,1
0.29,0.75,0.77,0.59,0.27,0.34,0.18,0.23,1
0.18,0.46,0.30,0.45,0.19,0.26,0.44,0.15,1
0.12,0.84,0.42,0.50,0.63,0.34,0.05,0.28,1
0.47,0.73,0.45,0.36,0.58,0.31,0.20,0.45,1
0.29,0.77,0.71,0.57,0.24,0.41,0.14,0.17,1
0.18,0.30,0.67,0.34,0.20,0.34,0.07,0.33,1
0.29,0.55,0.64,0.54,0.43,0.56,0.07,0.40,1
0.06,0.23,0.49,0.29,0.10,0.20,0.04,0.00,0
0.00,0.57,0.19,0.50,0.19,0.51,0.94,0.20,1
0.18,0.15,0.30,0.45,0.09,0.26,0.07,0.08,1
0.12,0.99,0.53,0.68,0.64,0.25,0.03,0.53,1
0.06,0.94,0.42,0.29,1.00,0.24,0.13,0.63,1
0.29,0.77,0.56,0.21,0.19,0.16,0.21,0.50,1
0.00,0.44,0.70,0.71,0.26,0.56,0.20,0.17,1
0.06,0.33,0.07,0.55,0.08,0.51,0.04,0.20,0
0.06,0.42,0.53,0.41,0.10,0.34,0.19,0.18,1
0.18,0.49,0.74,0.61,0.27,0.43,0.27,0.10,0
0.65,0.61,0.81,0.46,0.16,0.38,0.07,0.50,1
0.59,0.49,0.53,0.34,0.12,0.26,0.05,0.33,1
0.06,0.29,0.49,0.14,0.15,0.10,0.17,0.02,0
0.76,0.63,0.67,0.21,0.12,0.08,0.07,0.60,0
0.18,0.72,0.60,0.52,0.28,0.27,0.33,0.12,1
0.18,0.23,0.40,0.07,0.05,0.13,0.08,0.02,0
0.24,0.33,0.42,0.46,0.21,0.12,0.38,0.20,0
0.24,0.39,0.56,0.71,0.23,0.39,0.56,0.58,1
0.18,0.87,0.47,0.32,0.07,0.32,0.08,0.08,0
0.53,0.81,1.00,0.30,0.27,0.56,0.27,0.55,1
0.06,0.33,0.65,0.07,0.08,0.02,0.17,0.02,0
0.06,0.32,0.30,0.14,0.03,0.12,0.19,0.08,0
0.29,0.23,0.49,0.25,0.01,0.13,0.11,0.15,0
0.47,0.85,0.77,0.48,0.34,0.32,0.16,0.62,1
0.41,0.66,0.49,0.63,0.39,0.34,0.27,0.35,0
0.41,0.92,0.51,0.57,0.35,0.40,0.07,0.33,1
0.00,0.31,0.74,0.95,0.12,0.58,0.38,0.17,0
0.00,0.35,0.47,0.61,0.15,0.48,0.04,0.02,0
0.12,0.60,0.40,0.48,0.14,0.15,0.26,0.05,0
0.06,0.27,0.49,0.11,0.03,0.03,0.11,0.07,0
0.24,0.63,0.71,0.36,0.10,0.22,0.04,0.10,0
0.12,0.31,0.49,0.23,0.09,0.30,0.33,0.12,1
0.29,0.58,0.47,0.50,0.15,0.21,0.14,0.08,0
0.24,0.51,0.72,0.23,0.31,0.35,0.06,0.03,0
0.41,0.19,0.63,0.34,0.07,0.23,0.29,0.25,0
0.12,0.38,0.58,0.39,0.13,0.29,0.26,0.10,0
0.12,0.31,0.51,0.32,0.07,0.42,0.10,0.08,0
0.88,0.56,0.53,0.45,0.12,0.39,0.03,0.37,1
0.24,0.47,0.65,0.14,0.19,0.28,0.15,0.22,0
0.41,0.18,0.63,0.59,0.04,0.58,0.08,0.35,0
0.12,0.61,0.67,0.20,0.06,0.13,0.29,0.00,0
0.35,0.62,0.56,0.36,0.26,0.32,0.07,0.32,0
0.06,0.11,0.28,0.20,0.07,0.04,0.10,0.02,0
0.35,0.26,0.30,0.41,0.06,0.21,0.12,0.03,0
0.06,0.46,0.77,0.79,0.25,0.64,0.10,0.17,1
0.06,0.18,0.56,0.20,0.03,0.17,0.08,0.05,0
0.06,0.49,0.37,0.39,0.17,0.21,0.31,0.00,0
0.24,0.62,0.40,0.38,0.15,0.23,0.09,0.27,0
0.18,0.19,0.40,0.43,0.00,0.33,0.11,0.07,0
0.00,0.27,0.71,0.32,0.03,0.39,0.07,0.05,1
0.18,0.81,0.56,0.46,0.15,0.31,0.05,0.05,1
0.47,0.70,0.44,0.34,0.58,0.32,0.20,0.42,1
0.06,0.23,0.60,0.48,0.03,0.27,0.05,0.03,0
0.41,0.73,0.35,0.45,0.19,0.25,0.22,0.30,1
0.24,0.30,0.60,0.14,0.04,0.10,0.06,0.00,0
0.00,0.75,0.60,0.88,0.10,0.72,0.29,0.07,1
0.12,0.36,0.58,0.41,0.10,0.31,0.14,0.03,0
0.06,0.23,0.07,0.63,0.10,0.75,0.18,0.08,1
0.18,0.45,0.53,0.41,0.15,0.51,0.16,0.15,0
0.06,0.44,0.40,0.52,0.10,0.31,0.08,0.03,0
0.06,0.43,0.74,0.30,0.16,0.33,0.14,0.32,1
0.24,0.82,0.53,0.13,0.19,0.24,0.12,0.20,1
0.18,0.80,0.47,0.54,0.25,0.33,0.12,0.15,1
0.12,0.28,0.51,0.11,0.04,0.06,0.24,0.08,0
0.12,0.49,0.42,0.23,0.15,0.32,0.00,0.17,0
0.00,0.31,0.53,0.34,0.04,0.26,0.22,0.00,0
0.00,0.26,0.42,0.32,0.09,0.21,0.19,0.02,0
0.29,0.35,0.56,0.39,0.37,0.38,0.03,0.12,0
0.12,0.37,0.33,0.34,0.06,0.29,0.10,0.02,0
0.24,0.69,0.44,0.43,0.32,0.30,0.07,0.03,0
0.12,0.35,0.47,0.50,0.13,0.25,0.56,0.22,0
0.06,0.56,0.58,0.77,0.23,0.39,0.13,0.05,0
0.53,0.70,0.72,0.38,0.17,0.33,0.47,0.35,1
0.06,0.68,0.67,0.63,0.57,0.46,0.26,0.03,0
0.12,0.30,0.33,0.14,0.10,0.13,0.24,0.00,0
0.06,0.37,0.37,0.25,0.15,0.14,0.32,0.03,0
0.12,0.23,0.58,0.21,0.05,0.22,0.06,0.02,0
1.00,0.75,0.56,0.61,0.12,0.46,0.31,0.43,1
0.41,0.32,0.58,0.59,0.11,0.39,0.05,0.40,0
0.00,0.41,0.65,0.48,0.33,0.53,0.04,0.10,0
0.35,0.34,0.58,0.20,0.17,0.24,0.27,0.33,1
0.18,0.39,0.77,0.09,0.08,0.21,0.18,0.13,0
0.35,0.55,0.53,0.29,0.14,0.35,0.20,0.13,1
0.06,0.16,0.42,0.63,0.04,0.52,0.25,0.03,0
0.12,0.13,0.47,0.30,0.05,0.24,0.12,0.20,0
0.47,0.87,0.56,0.63,0.14,0.30,0.27,0.25,1
0.00,0.51,1.00,0.70,0.14,1.00,0.10,0.08,1
0.00,0.44,0.47,0.20,0.09,0.34,0.27,0.03,0
0.47,0.88,0.51,0.52,0.58,0.24,0.23,0.65,1
0.06,0.51,0.86,0.61,0.05,0.28,0.53,0.20,1
0.47,0.37,0.60,0.57,0.12,0.20,0.24,0.17,1
0.29,0.58,0.65,0.50,0.18,0.27,0.12,0.07,1
0.53,0.47,0.53,0.66,0.10,0.30,0.12,0.32,0
0.29,0.72,0.70,0.61,0.24,0.43,0.13,0.13,1
0.18,0.36,0.44,0.11,0.04,0.10,0.25,0.03,1
0.24,0.37,0.47,0.66,0.10,0.34,0.35,0.08,1
0.24,0.65,0.42,0.36,0.37,0.26,0.03,0.13,1
0.12,0.30,0.53,0.16,0.04,0.04,0.06,0.10,0
0.35,0.33,0.56,0.45,0.21,0.40,0.10,0.57,0
0.47,0.99,0.60,0.39,0.32,0.39,0.22,0.60,1
0.06,0.28,0.47,0.36,0.09,0.31,0.09,0.00,0
0.00,0.59,0.48,0.34,0.14,0.50,0.15,0.05,1
0.53,0.39,0.67,0.45,0.19,0.33,0.07,0.25,1
0.71,0.67,0.53,0.59,0.31,0.48,0.28,0.28,1
0.29,0.37,0.44,0.61,0.14,0.36,0.18,0.07,1
0.35,0.49,0.51,0.41,0.13,0.24,0.16,0.18,0
0.00,0.85,0.42,0.39,0.56,0.34,0.42,0.00,1
0.41,0.61,0.42,0.46,0.21,0.22,0.26,0.67,0
0.06,0.31,0.49,0.14,0.05,0.11,0.25,0.08,0
0.06,0.22,0.63,0.36,0.02,0.34,0.01,0.02,0
0.24,0.99,0.53,0.57,0.88,0.38,0.96,0.17,0
0.00,0.43,0.65,0.43,0.05,0.55,0.00,0.05,0
0.35,0.55,0.65,0.54,0.43,0.57,0.07,0.42,1
0.06,0.16,0.65,0.32,0.03,0.15,0.21,0.02,0
0.18,0.13,0.51,0.38,0.04,0.24,0.09,0.03,0
0.41,0.88,0.70,0.25,0.21,0.36,0.21,0.50,1
0.24,0.25,0.53,0.45,0.09,0.30,0.15,0.02,0
0.35,0.44,0.30,0.27,0.19,0.18,0.53,0.20,1
0.12,0.63,0.60,0.50,0.22,0.41,0.10,0.13,0
0.00,0.77,0.77,0.46,0.80,0.70,0.15,0.03,0
0.53,0.48,0.53,0.46,0.47,0.35,0.08,0.22,0
0.12,0.24,0.65,0.13,0.05,0.13,0.07,0.05,0
0.71,0.25,0.44,0.00,0.29,0.19,0.36,0.38,1
0.06,0.96,0.30,0.16,0.43,0.16,0.24,0.05,0
0.65,0.70,0.60,0.38,0.16,0.31,0.54,0.50,1
0.18,0.95,0.51,0.14,0.14,0.26,0.09,0.22,0
0.29,0.28,0.58,0.20,0.06,0.31,0.39,0.37,0
0.12,0.37,0.44,0.45,0.05,0.14,0.02,0.00,0
0.06,0.11,0.63,0.77,0.04,0.31,0.14,0.00,0
0.12,0.31,0.53,0.80,0.05,0.46,0.25,0.07,0
0.00,0.34,0.47,0.29,0.12,0.20,0.16,0.03,0
0.12,0.37,0.44,0.05,0.32,0.15,0.34,0.02,0
0.59,0.51,0.60,0.38,0.13,0.36,0.08,0.30,0
0.41,0.54,0.74,0.14,0.17,0.29,0.08,0.27,0
0.41,0.56,0.58,0.34,0.15,0.16,0.24,0.50,0
0.29,0.70,0.70,0.66,0.64,0.42,0.23,0.22,0
0.06,0.44,0.72,0.57,0.25,0.56,0.31,0.13,1
0.24,0.28,0.37,0.18,0.04,0.05,0.11,0.08,0
0.29,0.37,0.56,0.64,0.07,0.37,0.08,0.20,0
0.00,0.15,0.74,0.39,0.03,0.38,0.15,0.00,0
0.00,0.36,0.44,0.41,0.07,0.38,0.29,0.07,1
0.12,0.51,0.63,0.54,0.20,0.51,0.49,0.17,1
0.06,0.51,0.28,0.68,0.22,0.46,0.23,0.05,1
0.35,0.67,0.44,0.43,0.13,0.35,0.26,0.12,0
0.12,0.63,0.53,0.55,0.42,0.20,0.11,0.13,1
0.00,0.49,0.70,0.39,0.24,0.26,0.19,0.05,0
0.82,0.31,0.63,0.32,0.20,0.38,0.14,0.42,1
0.12,0.62,0.40,0.46,0.15,0.27,0.14,0.07,1
0.29,0.15,0.67,0.61,0.03,0.36,0.03,0.23,0
0.12,0.45,0.60,0.54,0.11,0.44,0.06,0.13,0
0.59,0.74,0.51,0.29,0.14,0.15,0.10,0.43,1
0.00,0.57,0.51,0.13,0.16,0.13,0.02,0.00,0
0.00,0.51,0.51,0.21,0.20,0.25,0.56,0.07,1
0.12,0.48,0.51,0.38,0.23,0.30,0.34,0.15,1
0.00,0.35,0.53,0.54,0.16,0.43,0.22,0.02,0
0.12,0.70,0.58,0.18,0.10,0.17,0.15,0.10,1
0.18,0.40,0.30,0.05,0.09,0.23,0.23,0.07,0
0.12,0.39,0.51,0.27,0.10,0.33,0.10,0.08,0
0.18,0.30,0.65,0.07,0.06,0.02,0.09,0.15,0
0.18,0.42,0.49,0.57,0.15,0.41,0.03,0.12,0
0.24,0.51,0.42,0.09,0.26,0.19,0.19,0.17,0
0.76,0.68,0.77,0.46,0.02,0.18,0.28,0.37,1
0.06,0.71,0.56,0.25,0.19,0.15,0.02,0.05,0
0.06,0.46,0.47,0.45,0.17,0.35,0.26,0.15,1
0.12,0.32,0.72,0.52,0.13,0.56,0.02,0.03,1
0.35,0.35,0.53,0.45,0.06,0.26,0.02,0.27,0
0.12,0.22,0.40,0.16,0.05,0.30,0.03,0.07,0
0.06,0.27,0.42,0.20,0.05,0.12,0.07,0.02,0
0.00,0.77,0.60,0.64,0.29,0.61,0.07,0.08,0
0.53,0.68,0.63,0.48,0.19,0.33,0.35,0.20,1
0.06,0.52,0.53,0.11,0.11,0.16,0.17,0.02,0
0.06,0.27,0.58,0.25,0.07,0.16,0.25,0.25,0
0.47,0.49,0.74,0.52,0.11,0.42,0.11,0.47,0
0.06,0.58,0.26,0.21,0.08,0.21,0.24,0.02,0
0.18,0.30,0.44,0.21,0.07,0.07,0.08,0.08,0
0.06,0.24,0.44,0.09,0.03,0.18,0.21,0.05,0
0.06,0.49,0.30,0.59,0.18,0.31,0.38,0.12,1
0.71,0.23,0.58,0.59,0.05,0.35,0.13,0.45,0
0.06,0.99,0.60,0.52,0.28,0.37,0.34,0.13,1
0.29,0.94,0.47,0.46,0.37,0.27,0.21,0.13,1
0.24,0.64,0.58,0.32,0.34,0.34,0.13,0.15,0
0.29,0.30,0.35,0.38,0.08,0.32,0.18,0.15,0
0.18,0.18,0.72,0.16,0.06,0.19,0.09,0.02,0
0.06,0.54,0.91,0.38,0.15,0.30,0.06,0.40,1
0.18,0.82,0.67,0.73,0.54,0.41,0.88,0.07,1
0.00,0.20,0.47,0.27,0.06,0.36,0.20,0.00,0
0.12,0.35,0.40,0.59,0.10,0.34,0.06,0.07,0
0.12,0.46,0.33,0.64,0.17,0.37,0.31,0.12,0
0.71,0.59,0.67,0.64,0.37,0.43,0.19,0.62,1
0.00,0.30,0.67,0.14,0.08,0.14,0.09,0.02,0
0.06,0.22,0.42,0.54,0.07,0.39,0.18,0.02,0
0.00,0.26,0.88,0.57,0.07,0.52,0.40,0.23,0
0.06,0.36,0.56,0.41,0.08,0.26,0.32,0.05,0
0.06,0.37,0.42,0.02,0.20,0.15,0.37,0.00,0
0.06,0.24,0.44,0.20,0.05,0.14,0.51,0.07,0
0.06,0.49,0.53,0.30,0.12,0.12,0.06,0.07,0
0.06,0.44,0.35,0.11,0.04,0.08,0.05,0.05,0
0.29,0.62,0.67,0.34,0.33,0.28,0.16,0.62,1
0.18,0.31,0.51,0.29,0.08,0.27,0.37,0.12,0
0.06,0.31,0.49,0.39,0.22,0.28,0.15,0.35,0
0.06,0.53,0.47,0.13,0.48,0.11,0.13,0.00,0
0.24,0.42,0.56,0.09,0.09,0.08,0.16,0.27,0
0.12,0.50,0.40,0.30,0.31,0.19,0.65,0.07,0
0.18,0.28,0.37,0.48,0.12,0.13,0.37,0.30,0
0.29,0.56,0.70,0.61,0.09,0.34,0.09,0.23,1
0.12,0.47,0.28,0.45,0.18,0.49,0.19,0.08,0
0.06,0.82,0.51,0.75,0.68,0.49,0.26,0.12,1
0.06,0.39,0.56,0.41,0.19,0.33,0.19,0.07,0
0.06,0.61,0.70,0.29,0.36,0.49,0.42,0.02,0
0.06,0.61,0.58,0.27,0.06,0.16,0.07,0.00,0
0.00,0.58,0.42,0.50,0.18,0.34,0.19,0.00,1
0.18,0.82,0.70,0.46,0.55,0.36,0.07,0.02,1
0.18,0.51,0.47,0.39,0.12,0.17,0.06,0.12,1
0.06,0.44,0.74,0.61,0.19,0.55,0.18,0.08,0
0.12,0.27,0.51,0.20,0.07,0.16,0.20,0.00,0
0.00,0.32,0.47,0.70,0.08,0.46,0.18,0.00,0
0.47,0.67,0.63,0.45,0.24,0.51,0.18,0.25,1
0.24,0.90,0.63,0.57,0.32,0.38,0.08,0.17,1
0.06,0.88,0.47,0.41,0.20,0.33,0.10,0.28,1
0.00,0.56,0.81,0.70,0.16,0.46,0.09,0.08,0
0.06,0.27,0.67,0.32,0.20,0.34,0.06,0.37,1
0.18,0.23,0.58,0.16,0.09,0.25,0.20,0.28,0
0.06,0.17,0.58,0.07,0.06,0.24,0.19,0.02,0
0.12,0.19,0.49,0.29,0.04,0.29,0.18,0.02,0
0.24,0.43,0.47,0.36,0.13,0.31,0.06,0.05,0
0.00,0.87,0.63,1.00,0.00,0.84,1.00,0.07,1
0.06,0.31,0.56,0.09,0.07,0.15,0.25,0.12,0
0.00,0.27,0.65,0.68,0.09,0.37,0.10,0.08,0
0.00,0.34,0.47,0.54,0.06,0.31,0.18,0.02,1
0.00,0.45,0.58,0.20,0.06,0.25,0.09,0.08,0
0.06,0.18,0.47,0.11,0.10,0.06,0.14,0.03,0
0.00,0.25,0.51,0.45,0.24,0.44,0.13,0.07,0
0.12,0.31,0.35,0.38,0.11,0.40,0.18,0.05,0
0.29,0.21,0.51,0.38,0.07,0.25,0.12,0.05,0
0.59,0.65,0.70,0.73,0.27,0.40,0.39,0.50,1
0.53,0.55,0.58,0.46,0.06,0.16,0.16,1.00,0
0.53,0.45,0.56,0.27,0.05,0.05,0.28,0.45,0
0.47,0.13,0.53,0.59,0.04,0.35,0.27,0.30,0
0.00,0.48,0.37,0.11,0.11,0.07,0.16,0.00,0
0.00,0.13,0.33,0.05,0.03,0.20,0.08,0.02,0
0.00,0.29,0.47,0.52,0.10,0.38,0.22,0.07,0
0.35,0.69,0.63,0.61,0.15,0.57,0.21,0.10,0
0.12,0.35,0.65,0.68,0.21,0.32,0.27,0.13,1
0.41,0.41,0.60,0.18,0.12,0.11,0.16,0.17,0
0.47,0.49,0.58,0.55,0.07,0.16,0.03,0.30,0
0.18,0.72,0.53,0.41,0.38,0.35,0.11,0.23,1
0.24,0.20,0.40,0.27,0.04,0.20,0.09,0.12,0
0.00,0.20,0.67,0.43,0.13,0.41,0.06,0.03,0
0.00,0.56,0.51,0.63,0.28,0.49,0.12,0.05,1
0.06,0.58,0.44,0.61,0.56,0.46,0.19,0.00,0
0.00,0.82,0.63,0.45,0.30,0.58,0.46,0.62,0
0.12,0.19,0.48,0.38,0.06,0.38,0.23,0.05,0
0.24,0.49,0.53,0.20,0.13,0.22,0.45,0.40,1
0.12,0.18,0.56,0.14,0.07,0.24,0.20,0.07,0
0.41,0.98,0.53,0.46,0.16,0.14,0.03,0.57,1
0.35,0.69,0.58,0.45,0.22,0.23,0.32,0.30,0
0.12,0.43,0.77,0.21,0.07,0.14,0.10,0.00,0
0.41,0.27,0.47,0.32,0.08,0.31,0.28,0.33,0
0.00,0.87,0.77,0.34,0.09,0.37,0.10,0.23,1
0.06,0.52,0.42,0.29,0.19,0.21,0.26,0.00,0
0.12,0.20,0.30,0.29,0.07,0.25,0.38,0.00,0
0.00,0.58,0.44,0.18,0.24,0.08,0.05,0.00,0
0.18,0.30,0.35,0.21,0.09,0.15,0.03,0.05,0
0.18,0.75,0.53,0.20,0.11,0.27,0.08,0.12,1
0.53,0.63,0.74,0.48,0.18,0.25,0.29,0.53,1
0.35,0.51,0.77,0.00,0.38,0.03,0.21,0.65,0
0.12,0.08,0.53,0.45,0.06,0.14,0.04,0.07,0
0.18,0.48,0.65,0.46,0.14,0.31,0.09,0.08,0
0.06,0.29,0.47,0.21,0.08,0.00,0.09,0.00,0
0.18,0.42,0.58,0.14,0.11,0.17,0.01,0.05,0
0.00,0.43,0.49,0.43,0.21,0.26,0.17,0.02,0
0.12,0.46,0.42,0.20,0.11,0.24,0.27,0.02,0
0.06,0.21,0.49,0.80,0.06,0.47,0.36,0.13,0
0.06,0.15,0.37,0.41,0.05,0.31,0.50,0.05,0
0.00,0.50,0.65,0.54,0.24,0.37,0.31,0.03,0
0.18,0.51,0.79,0.75,0.17,0.37,0.38,0.18,1
0.47,0.31,0.58,0.59,0.24,0.43,0.25,0.37,1
0.18,0.51,0.56,0.32,0.21,0.29,0.20,0.10,1
0.24,0.20,0.77,0.29,0.05,0.44,0.03,0.07,0
0.06,0.23,0.63,0.39,0.07,0.28,0.12,0.13,0
0.47,0.92,0.77,0.50,0.25,0.33,0.14,0.27,1
0.29,0.92,0.60,0.36,0.23,0.52,0.41,0.53,1
0.24,0.53,0.51,0.25,0.18,0.30,0.03,0.12,0
0.06,0.76,0.67,0.64,0.06,0.30,0.11,0.48,0
0.18,0.20,0.51,0.41,0.11,0.28,0.22,0.07,0
0.06,0.23,0.44,0.30,0.04,0.24,0.14,0.03,0
0.06,0.20,0.47,0.29,0.12,0.38,0.17,0.12,0
0.41,0.48,0.53,0.46,0.24,0.15,0.03,0.27,0
0.00,1.00,0.49,0.45,0.31,0.47,0.18,0.12,1
0.06,0.22,0.51,0.48,0.08,0.40,0.14,0.05,0
0.35,0.30,0.42,0.21,0.05,0.18,0.18,0.18,0
0.12,0.27,0.35,0.13,0.09,0.16,0.28,0.02,0
0.06,0.30,0.56,0.41,0.00,0.42,0.14,0.00,0
0.35,0.25,0.44,0.45,0.13,0.28,0.00,0.42,0
0.24,0.69,0.56,0.39,0.13,0.27,0.11,0.27,0
0.00,0.46,0.49,0.41,0.18,0.33,0.05,0.20,1
0.18,0.39,0.40,0.43,0.04,0.23,0.15,0.02,0
0.12,0.30,0.42,0.18,0.13,0.34,0.05,0.02,0
0.06,0.61,0.72,0.41,0.38,0.24,0.35,0.03,0
0.06,0.44,0.23,0.71,0.06,0.35,0.08,0.07,0
0.35,0.37,0.23,0.23,0.14,0.12,0.31,0.23,0
0.47,0.48,0.60,0.30,0.70,0.21,0.26,0.52,1
0.18,0.85,0.72,0.36,0.17,0.31,0.46,0.52,1
0.12,0.39,0.63,0.77,0.15,0.43,0.04,0.05,0
0.12,0.18,0.33,0.27,0.12,0.21,0.69,0.07,0
0.35,0.47,0.56,0.68,0.26,0.31,0.28,0.22,0
0.00,0.93,0.67,0.13,0.21,0.28,0.26,0.02,1
0.06,0.23,0.00,0.21,0.01,0.20,0.20,0.00,0
0.06,0.37,0.16,0.20,0.13,0.10,0.14,0.08,0
0.41,0.66,0.63,0.39,0.13,0.35,0.26,0.55,1
0.06,0.88,0.63,0.63,0.34,0.45,0.50,0.02,1
0.06,0.25,0.44,0.32,0.03,0.03,0.17,0.07,0
0.00,0.68,0.67,0.57,0.31,0.48,0.08,0.10,0
0.06,0.39,0.44,0.11,0.20,0.12,0.02,0.03,0
0.18,0.35,0.35,0.25,0.17,0.26,0.09,0.05,0
0.18,0.83,0.40,0.27,0.22,0.30,0.22,0.25,1
0.41,0.79,0.74,0.63,0.37,0.41,0.30,0.32,1
0.65,0.58,0.58,0.34,0.16,0.37,0.20,0.48,1
0.12,0.08,0.44,0.11,0.00,0.04,0.07,0.03,0
0.12,0.39,0.72,0.63,0.18,0.41,0.07,0.12,0
0.00,0.27,0.53,0.36,0.12,0.52,0.11,0.00,0
0.24,0.24,0.74,0.71,0.05,0.40,0.12,0.13,0
0.00,0.32,0.63,0.59,0.09,0.33,0.07,0.05,0
0.06,0.51,0.67,0.18,0.20,0.19,0.01,0.02,0
0.12,0.27,0.60,0.20,0.06,0.27,0.24,0.03,0
0.41,0.29,0.60,0.45,0.09,0.46,0.34,0.18,1
0.06,0.31,0.58,0.09,0.04,0.03,0.03,0.12,0
0.00,0.32,0.72,0.18,0.11,0.23,0.26,0.10,0
0.18,0.33,0.56,0.41,0.17,0.19,0.28,0.10,0
0.12,0.71,0.58,0.50,0.51,0.43,0.02,0.15,0
0.06,0.78,0.58,0.18,0.16,0.11,0.16,0.20,1
0.00,0.87,0.30,0.52,0.17,0.40,0.16,0.02,1
0.65,0.56,0.70,0.50,0.14,0.21,0.07,0.35,1
0.06,0.25,0.35,0.32,0.10,0.14,0.06,0.03,0
0.06,0.43,0.42,0.29,0.11,0.32,0.16,0.10,0
0.29,0.47,0.58,0.59,0.08,0.33,0.08,0.12,0
0.06,0.35,0.53,0.38,0.15,0.33,0.02,0.02,0
0.12,0.70,0.33,0.36,0.63,0.42,0.07,0.07,1
0.12,0.32,0.40,0.50,0.09,0.07,0.03,0.02,0
0.06,0.45,0.65,0.73,0.22,0.42,0.46,0.33,0
0.18,0.17,0.67,0.43,0.07,0.33,0.52,0.10,1
0.47,0.78,0.95,0.70,0.26,0.40,0.03,0.37,1
0.53,0.63,0.65,0.70,0.14,0.40,0.24,0.32,1
0.06,0.39,0.65,0.68,0.14,0.34,0.06,0.05,0
0.35,0.30,0.40,0.46,0.21,0.32,0.15,0.37,0
0.53,0.69,0.63,0.41,0.10,0.26,0.03,0.40,0
0.35,0.77,0.51,0.34,0.19,0.31,0.23,0.47,0
0.59,0.08,0.95,0.29,0.04,0.35,0.09,0.43,0
0.18,0.47,0.88,0.50,0.27,0.80,0.34,0.02,0
0.12,0.32,0.40,0.18,0.30,0.12,0.23,0.03,0
0.12,0.00,0.37,0.38,0.04,0.12,0.11,0.02,0
0.00,0.27,0.47,0.57,0.11,0.54,0.12,0.02,0
0.12,0.51,0.58,0.34,0.23,0.31,0.22,0.07,0
0.06,0.59,0.58,0.34,0.20,0.12,0.32,0.03,0
0.06,0.62,0.67,0.70,0.20,0.57,0.11,0.42,1
0.12,0.46,0.53,0.45,0.10,0.43,0.34,0.03,0
0.41,0.51,0.51,0.75,0.13,0.42,0.15,0.37,1
0.41,0.61,0.77,0.30,0.56,0.25,0.02,0.37,1
0.18,0.80,0.58,0.21,0.13,0.24,0.08,0.17,1
0.24,0.50,0.74,0.07,0.17,0.33,0.22,0.12,0
0.12,0.46,0.60,0.36,0.22,0.36,0.17,0.08,0
0.24,0.38,0.60,0.23,0.10,0.21,0.01,0.10,0
0.12,0.50,0.26,0.25,0.39,0.33,0.04,0.02,0
0.12,0.26,0.47,0.45,0.18,0.40,0.25,0.03,1
0.18,0.72,0.47,0.11,0.45,0.27,0.09,0.05,0
0.29,0.49,0.63,0.36,0.01,0.23,0.15,0.32,0
0.00,0.55,0.40,0.23,0.33,0.17,0.11,0.00,0
0.41,0.92,0.30,0.46,0.45,0.32,0.32,0.22,1
0.18,0.82,0.63,0.57,0.21,0.32,0.38,0.17,1
0.06,0.37,0.42,0.70,0.20,0.35,0.14,0.05,0
0.06,0.41,0.49,0.52,0.22,0.41,0.09,0.00,0
0.06,0.65,0.51,0.39,0.14,0.23,0.11,0.35,1
0.29,0.43,0.72,0.41,0.11,0.43,0.07,0.35,0
0.06,0.42,0.63,0.39,0.20,0.37,0.18,0.07,0
0.18,0.52,0.63,0.29,0.08,0.21,0.10,0.22,1
0.12,0.83,0.74,0.54,0.13,0.54,0.24,0.05,1
0.12,0.35,0.37,0.36,0.18,0.22,0.15,0.02,0
0.00,0.49,0.72,0.36,0.13,0.19,0.18,0.00,0
0.12,0.30,0.42,0.18,0.18,0.38,0.16,0.00,0
0.65,0.45,0.65,0.54,0.16,0.49,0.30,0.45,1
0.18,0.32,0.23,0.23,0.10,0.26,0.13,0.08,0
0.06,0.37,0.40,0.20,0.12,0.21,0.06,0.02,0
0.76,0.68,0.74,0.54,0.15,0.46,0.47,0.30,0
0.71,0.31,0.70,0.46,0.11,0.24,0.17,0.42,0
0.06,0.18,0.58,0.61,0.05,0.57,0.43,0.18,0
0.18,0.92,0.53,0.27,0.22,0.37,0.14,0.25,1
0.06,0.46,0.63,0.57,0.07,0.43,0.08,0.12,0
0.00,0.88,0.74,0.66,0.60,0.51,0.06,0.08,1
0.06,0.51,0.74,0.57,0.12,0.37,0.42,0.27,1
0.12,0.23,0.40,0.34,0.00,0.21,0.29,0.02,0
0.59,0.32,0.60,0.73,0.20,0.30,0.04,0.70,0
0.29,0.46,0.56,0.29,0.12,0.16,0.07,0.15,0